study_hours,assignments_completed,attendance_rate,midterm_score,final_score
16.8,9,96.2,39.7,68.8
8.8,5,91.2,57.1,69.3
19.5,15,100.0,43.6,80.1
20.6,13,71.1,58.1,73.4
3.3,4,82.6,36.2,38.2
7.2,7,80.8,59.0,68.4
15.8,5,67.2,54.0,55.9
13.1,9,94.5,41.5,60.7
14.9,15,82.6,41.2,64.1
9.9,8,91.7,53.6,71.6
20.3,12,100.0,53.5,74.5
19.7,13,81.8,50.7,74.0
15.4,12,81.2,61.0,77.4
21.8,8,86.1,47.5,69.7
17.8,7,93.9,54.1,71.1
9.8,8,79.9,54.6,61.1
17.2,9,79.3,57.6,74.7
9.2,10,94.5,46.8,62.1
20.3,11,88.4,51.2,78.0
14.7,5,66.6,30.9,44.9
13.9,6,74.0,37.8,52.9
10.9,1,98.5,52.8,62.4
22.3,12,88.6,53.8,76.3
14.1,9,78.1,48.9,65.9
12.4,8,83.5,57.5,64.3
12.9,11,85.1,38.1,63.0
18.2,14,91.6,51.0,76.2
17.2,10,72.8,50.8,61.6
17.5,6,77.4,43.8,63.5
17.6,12,87.5,64.9,71.7
27.8,17,84.1,65.7,88.6
12.6,9,90.1,52.1,76.7
11.9,11,73.9,62.3,75.2
10.1,5,88.2,34.2,56.9
18.7,16,94.8,53.9,79.2
21.8,10,89.4,58.1,75.9
14.3,11,86.3,41.6,63.0
10.0,3,84.1,49.5,63.4
10.1,5,77.5,35.7,48.0
18.9,15,84.4,58.4,80.7
19.5,11,96.3,64.2,93.2
18.3,13,83.9,54.2,73.3
11.0,9,77.0,29.5,44.7
16.4,10,80.6,41.3,56.5
15.7,13,86.8,55.8,77.7
16.3,10,81.6,50.4,67.4
20.2,8,89.4,29.7,63.4
16.3,8,89.7,62.8,75.4
19.1,13,93.0,55.1,82.0
15.4,11,97.8,45.2,71.6
16.7,7,94.0,61.6,75.5
18.8,10,76.6,44.7,61.5
6.3,4,76.9,37.1,44.6
13.1,8,84.3,52.0,75.1
12.2,5,80.9,63.6,69.8
11.2,6,74.8,60.5,68.1
13.3,7,81.0,51.5,62.7
24.0,16,80.7,58.8,75.0
9.8,9,79.0,52.9,63.2
20.8,12,82.2,41.7,70.5
4.9,4,95.6,51.6,63.9
13.0,9,86.8,42.5,59.8
16.0,8,100.0,56.2,78.9
18.5,8,86.5,50.3,71.8
19.3,9,82.4,56.6,79.0
19.8,10,85.0,53.9,74.3
12.9,6,87.3,21.5,52.1
12.2,9,88.9,50.7,71.5
20.1,14,100.0,61.6,82.2
13.9,5,77.4,52.0,58.7
7.3,6,92.7,45.9,59.2
8.2,6,86.9,61.0,64.8
9.5,8,70.9,46.9,59.3
18.0,11,91.9,57.0,78.8
15.9,7,96.4,62.0,79.7
19.1,8,77.3,54.4,57.8
12.4,9,84.9,40.4,69.1
16.0,13,69.5,25.8,45.5
18.8,6,73.7,45.9,68.4
13.1,10,94.4,57.4,70.4
17.7,14,80.8,47.7,65.4
11.0,8,75.0,53.0,53.6
12.8,10,87.1,50.4,69.9
12.7,7,80.3,59.4,64.4
7.8,6,80.8,42.3,51.8
17.9,7,91.7,57.2,69.8
12.2,3,74.5,51.0,61.8
15.1,12,76.9,62.1,75.6
17.9,9,86.4,36.6,69.2
17.7,10,93.7,49.1,70.4
19.0,8,96.1,62.0,82.2
14.4,6,79.0,62.5,65.1
12.5,8,93.4,52.2,69.8
14.5,8,77.9,45.8,59.1
4.9,6,100.0,53.4,72.1
6.3,7,74.8,50.8,62.2
7.1,7,97.0,44.2,68.9
9.0,8,79.1,48.3,57.2
17.4,15,100.0,64.8,92.0
9.6,5,90.3,64.7,73.8
12.7,9,75.9,53.7,63.3
22.8,16,80.3,54.2,72.9
12.9,12,92.0,49.5,69.2
19.4,8,94.5,59.4,86.2
9.4,6,84.4,45.5,61.7
13.8,13,85.4,51.0,70.9
9.3,8,91.8,38.3,59.7
13.0,9,86.2,60.7,83.4
20.0,11,73.4,40.7,65.7
4.6,4,77.7,38.6,47.0
17.6,12,87.1,52.8,72.3
16.4,10,95.9,70.7,85.4
11.4,8,99.5,46.7,70.9
6.3,6,92.0,40.1,56.6
15.4,8,87.6,45.8,67.9
11.8,10,91.7,64.2,84.1
16.4,18,79.0,24.4,50.6
15.1,5,83.6,40.8,55.0
24.6,15,77.6,79.0,87.4
13.6,7,73.8,52.4,60.4
8.9,8,88.0,36.9,66.0
16.1,10,86.7,50.6,74.0
16.3,12,91.2,52.5,78.2
23.2,16,89.9,63.4,84.7
20.0,12,87.2,70.0,83.4
17.1,14,90.0,55.7,71.5
23.8,8,84.6,50.3,74.6
7.9,11,88.7,53.5,71.2
11.2,9,78.5,40.2,62.3
9.4,10,88.3,38.0,59.3
12.7,6,91.0,33.8,57.7
6.7,4,79.0,29.9,47.1
18.8,12,85.5,44.3,71.8
13.7,9,79.4,37.6,51.4
6.2,6,80.3,46.7,60.6
8.9,10,74.9,33.7,51.1
16.9,6,96.4,24.9,53.4
20.0,14,94.6,45.3,66.4
27.0,15,89.8,53.8,80.9
32.5,17,100.0,57.7,98.0
17.5,7,83.3,64.9,82.4
9.1,8,100.0,43.6,69.0
2.2,0,83.0,49.9,63.3
16.6,12,87.3,51.2,71.8
10.1,4,81.4,46.0,62.4
12.5,9,88.4,41.6,61.4
11.3,8,92.5,48.6,66.1
14.2,12,84.0,42.4,61.4
21.4,12,100.0,58.1,76.0
15.9,8,87.2,48.8,73.1
14.0,8,87.4,41.4,60.3
8.8,10,76.8,53.7,60.5
5.0,7,88.8,48.5,58.0
12.1,7,83.8,44.0,60.3
14.7,9,79.5,50.1,72.2
25.6,11,78.0,54.4,81.6
15.8,11,100.0,45.4,66.9
20.9,8,82.6,53.7,69.7
12.0,10,71.9,40.3,50.9
7.9,7,78.7,36.1,56.1
9.2,13,84.5,31.8,57.6
10.6,5,89.9,45.0,60.3
27.8,15,90.0,63.7,87.9
10.1,12,91.1,41.9,63.3
20.0,15,79.2,74.7,91.8
9.6,6,88.1,55.3,70.2
20.6,13,77.1,63.7,79.7
17.3,11,79.4,57.5,61.1
14.1,10,76.7,64.6,72.3
14.8,8,74.3,40.8,65.1
11.1,8,94.6,26.3,61.2
17.7,7,91.2,48.7,62.7
12.3,9,93.8,55.0,72.2
7.6,8,85.4,47.0,57.3
7.3,6,92.0,49.1,72.0
16.0,6,69.1,59.7,65.8
24.5,16,92.8,60.5,83.0
16.0,11,86.6,58.1,74.9
14.3,8,90.6,42.1,54.5
16.7,10,88.4,41.8,61.6
22.8,10,76.1,67.6,78.4
16.3,8,71.5,49.3,64.5
12.5,7,78.6,41.8,49.9
21.6,16,90.1,49.3,75.4
17.6,9,91.2,46.8,74.1
24.2,15,72.7,46.9,62.3
16.1,9,76.2,37.5,57.8
7.7,7,78.5,30.9,49.2
6.8,6,81.8,42.7,63.2
24.9,16,72.7,48.4,68.9
25.3,13,72.2,63.9,76.4
13.9,5,77.6,50.7,65.3
12.7,5,85.8,51.1,60.1
23.8,12,74.4,46.7,65.9
8.4,4,84.0,44.7,56.3
9.6,8,94.5,51.7,69.5
18.9,10,73.3,56.7,72.0
12.6,15,83.1,47.4,69.9
15.0,5,94.2,61.4,73.4
14.0,10,81.2,48.8,66.0
17.0,8,79.8,57.4,76.1
23.4,12,95.5,52.5,76.6
15.5,10,82.2,33.5,58.3
18.9,6,94.9,56.5,75.6
2.7,5,88.9,49.8,61.0
14.7,14,81.9,54.4,65.1
9.9,6,89.3,51.5,72.2
7.7,7,87.9,43.0,57.3
9.7,10,94.2,41.2,69.1
13.0,8,80.1,52.9,63.1
20.5,11,85.4,57.2,73.4
7.0,0,84.4,40.1,57.6
15.2,11,91.3,61.2,82.5
12.1,8,75.8,38.7,55.7
13.0,6,94.2,45.2,69.6
21.0,13,89.2,69.1,84.9
18.2,10,73.1,57.6,68.8
23.0,12,95.9,53.5,77.8
14.1,11,100.0,54.7,81.8
10.8,5,94.0,50.5,65.2
13.7,12,97.8,26.8,67.2
16.5,7,85.8,42.9,62.2
16.1,9,70.0,47.5,59.9
8.5,12,68.4,39.9,55.7
15.5,13,87.3,53.0,73.2
16.4,11,79.7,60.0,71.7
30.1,14,76.8,54.7,76.6
26.3,13,84.4,47.1,77.1
9.9,8,90.5,50.8,65.2
13.3,9,71.9,43.7,56.6
6.2,6,81.0,42.6,55.7
11.5,8,98.6,47.7,73.9
16.9,10,75.3,69.6,75.8
22.2,9,92.8,35.6,73.7
10.6,6,80.6,43.1,57.3
11.1,10,89.9,48.5,66.9
2.1,1,94.9,37.0,53.4
14.0,9,91.7,58.7,70.2
8.6,5,93.2,55.0,65.0
11.8,9,74.6,45.8,56.8
9.7,6,95.0,46.2,70.5
14.4,13,77.3,47.3,64.5
4.5,6,87.3,43.1,56.1
6.2,3,87.3,44.4,62.9
27.8,17,89.4,56.8,90.6
7.3,4,88.0,48.2,66.6
8.4,5,77.4,51.5,56.2
26.0,15,72.9,43.4,64.9
32.4,16,92.9,52.4,92.4
8.0,9,86.7,30.3,54.6
12.8,7,95.3,58.3,74.2
17.0,9,84.6,53.4,73.4
25.4,13,72.4,58.5,78.1
9.1,6,93.7,35.1,56.3
13.5,12,81.7,64.6,76.6
19.7,13,88.1,47.9,76.2
17.6,15,79.2,52.0,66.3
12.7,14,99.8,59.0,81.7
14.2,7,77.1,39.2,51.8
6.8,6,82.0,39.6,50.7
13.6,6,86.0,50.9,64.1
13.4,7,75.2,73.0,76.6
16.4,9,88.0,54.1,70.9
11.7,6,99.5,65.1,77.4
17.8,8,80.6,61.8,73.6
21.1,12,88.6,57.6,73.9
15.9,7,60.3,37.2,49.8
17.1,13,84.6,60.7,81.7
15.3,8,82.2,36.2,57.7
15.0,17,77.6,63.1,75.7
10.7,7,94.7,51.0,71.1
16.9,11,82.1,26.8,46.7
14.4,6,83.4,46.3,65.0
27.6,20,81.6,62.8,98.4
24.4,17,67.7,50.4,68.5
17.3,12,74.8,56.0,68.8
10.4,4,93.6,41.2,64.6
8.3,7,66.0,30.8,49.9
22.1,10,78.1,52.4,73.8
16.6,14,81.4,50.6,61.4
17.9,13,100.0,51.3,81.4
4.5,5,91.9,56.0,77.5
20.6,6,80.0,44.8,65.8
17.7,9,96.7,56.6,73.8
8.3,8,78.3,45.4,59.3
12.2,12,94.1,35.9,59.0
16.6,13,72.8,36.9,62.3
15.3,6,94.7,52.0,68.1
13.2,10,81.3,66.1,75.5
14.4,12,75.7,53.2,63.3
13.5,5,83.0,33.2,51.9
15.9,10,87.5,23.0,60.1
23.8,14,80.5,61.1,79.7
0.0,2,90.0,41.0,51.4
13.6,4,79.8,58.5,62.2
16.1,9,90.6,43.7,59.7
16.8,10,89.0,54.9,68.9
12.8,8,84.5,56.2,69.9
4.5,4,81.0,38.9,55.5
17.0,10,86.4,47.6,66.3
25.4,14,90.0,57.3,88.5
5.8,7,100.0,52.1,67.5
20.2,11,93.5,54.5,77.0
13.0,8,93.8,59.2,71.4
14.6,10,100.0,48.3,78.1
8.7,2,89.6,35.1,62.6
13.0,10,89.4,67.4,72.5
22.8,13,91.3,50.4,75.6
18.5,11,75.9,45.3,68.7
25.4,17,81.0,54.9,72.5
22.1,8,80.4,54.0,73.1
17.6,6,90.8,49.1,74.4
25.5,15,83.4,55.8,79.2
17.6,11,86.2,51.4,73.8
20.0,12,94.8,56.3,87.2
13.2,8,92.8,29.1,65.6
15.4,12,83.5,66.9,78.6
10.8,10,79.0,45.1,58.5
20.9,14,95.2,60.6,80.8
7.9,6,92.0,34.6,60.8
19.7,7,70.5,46.0,54.3
13.9,11,82.2,42.8,61.8
22.0,16,86.5,67.7,86.6
19.5,13,92.0,48.7,72.7
25.9,12,93.2,64.9,88.3
19.4,13,87.6,47.2,82.0
5.6,8,90.3,41.2,59.5
14.6,13,85.6,47.7,67.0
8.0,4,78.9,56.2,66.4
11.9,8,82.6,30.7,54.3
24.1,16,85.2,43.6,78.2
18.8,12,84.7,34.7,62.9
10.8,5,68.0,34.6,45.6
8.9,8,81.4,38.4,48.7
15.2,11,85.5,35.7,54.4
7.7,7,82.5,38.6,47.9
11.0,8,82.8,29.1,53.5
16.9,10,89.4,42.8,61.6
21.9,17,75.3,63.2,83.9
18.7,9,70.3,53.2,64.7
1.3,2,81.9,42.9,50.6
16.8,11,91.9,43.3,65.7
15.4,12,100.0,39.1,72.8
17.5,7,92.0,42.5,63.5
24.7,11,71.8,53.1,65.2
2.6,0,82.9,50.0,60.5
11.5,8,87.3,56.4,71.7
18.5,9,86.6,58.1,74.0
5.5,5,89.9,38.5,59.1
23.9,15,76.7,54.0,74.0
17.2,9,85.6,48.5,69.8
20.1,13,88.8,51.9,72.1
11.6,7,92.4,67.6,87.0
19.9,14,77.7,35.8,58.9
21.4,14,81.9,51.2,79.1
16.4,9,60.7,57.4,60.6
16.4,10,79.4,36.6,61.8
16.6,13,80.3,44.3,68.2
9.8,8,75.8,40.5,59.4
14.1,6,86.5,47.7,61.6
14.1,11,84.5,35.0,63.8
17.3,8,64.7,53.1,68.0
21.0,16,86.9,59.9,80.3
8.6,9,76.6,49.3,60.5
14.2,10,89.4,42.5,63.5
23.9,14,73.5,54.0,70.5
10.5,7,85.3,39.3,65.2
10.1,9,82.5,43.6,56.4
16.2,9,87.7,70.6,77.9
20.1,13,86.1,54.1,81.8
15.1,12,82.7,38.9,64.5
23.0,12,71.2,53.9,77.6
20.1,11,71.7,38.5,56.7
20.1,9,79.7,41.3,63.2
18.3,9,84.9,42.6,62.4
29.0,11,79.5,53.4,75.6
13.8,11,90.6,58.7,68.9
3.0,9,82.5,47.5,62.1
24.6,18,76.3,58.9,80.0
12.3,4,82.5,38.0,55.2
15.6,12,87.0,45.9,66.8
22.9,17,87.9,57.7,78.4
5.4,4,100.0,41.3,65.1
7.5,7,79.0,41.9,50.8
5.4,0,84.3,48.1,58.7
10.2,8,88.8,44.7,71.9
17.6,8,84.8,53.6,76.4
18.1,12,80.5,65.4,71.9
16.7,7,71.1,46.9,57.0
6.5,7,80.4,54.7,64.8
1.1,6,75.3,45.0,51.7
15.3,8,69.5,34.2,45.3
12.2,6,77.8,37.1,55.4
17.8,6,75.6,42.5,58.5
19.2,11,90.3,45.8,78.6
15.8,9,90.4,50.7,70.1
19.6,8,76.9,56.8,74.2
16.4,12,82.7,61.7,70.8
18.2,10,68.3,51.7,58.9
10.8,5,80.6,42.7,60.0
13.9,8,88.6,31.3,61.7
16.2,13,92.4,52.7,71.8
19.9,13,78.6,52.0,70.7
12.6,8,94.5,51.9,66.1
18.1,13,71.4,68.4,75.2
13.4,6,73.8,58.2,68.2
14.3,10,91.4,57.8,73.8
20.0,12,100.0,47.0,76.1
3.0,3,89.4,39.0,49.7
7.2,7,84.6,44.4,56.9
6.1,4,65.2,34.1,49.2
1.0,5,66.8,42.8,46.4
10.9,9,86.2,51.0,62.9
19.5,4,81.8,42.3,59.8
13.3,12,75.0,58.0,62.3
16.2,3,85.6,51.7,62.2
21.5,11,86.0,38.5,71.3
23.0,16,93.5,55.8,82.4
14.6,9,86.2,52.5,77.2
23.1,10,96.1,65.6,86.1
15.6,7,85.1,47.3,65.2
10.0,10,84.0,54.2,70.5
11.4,3,94.6,51.3,57.2
6.1,9,76.2,31.2,49.2
9.7,7,100.0,36.8,63.1
12.9,6,88.4,59.4,78.1
19.8,10,88.4,64.3,84.4
25.3,12,89.7,60.0,77.9
6.7,8,100.0,61.2,81.7
17.4,13,92.1,62.2,80.6
8.8,3,70.6,49.8,50.9
17.8,10,97.6,45.8,73.9
14.2,7,81.9,64.6,72.5
4.0,8,86.0,48.4,67.6
20.6,9,73.5,47.8,65.1
11.4,12,89.7,42.7,66.5
11.8,8,79.1,49.3,66.1
8.6,4,85.9,31.3,55.7
11.1,6,82.4,53.5,68.1
17.6,9,100.0,45.7,79.1
13.9,6,100.0,55.4,78.1
17.0,11,85.4,46.6,68.7
17.2,8,85.6,49.0,72.9
22.9,8,81.6,47.3,67.5
12.9,8,95.0,49.1,70.5
6.1,1,82.0,61.2,71.0
21.4,11,81.2,65.6,85.8
13.0,7,93.8,53.6,71.8
21.7,11,80.2,52.9,69.7
17.3,16,84.7,58.9,83.8
14.2,10,70.8,57.1,68.7
17.1,11,91.3,44.9,71.2
26.7,11,100.0,59.0,85.5
27.5,14,91.5,42.2,76.4
15.4,10,98.2,62.7,82.0
16.0,8,77.4,67.8,71.8
21.5,15,87.1,55.0,78.7
9.9,4,76.5,26.3,45.7
17.0,10,83.0,56.3,70.5
14.8,8,91.9,43.0,69.9
16.9,11,85.9,45.3,72.7
10.0,6,72.3,50.4,61.8
5.5,5,73.2,44.4,51.0
2.6,4,72.6,35.9,47.9
8.3,5,89.4,40.9,59.3
12.2,10,100.0,52.2,70.3
13.2,10,97.3,47.5,74.4
26.6,15,67.9,43.9,65.8
21.6,12,97.8,53.3,90.9
9.2,9,93.4,51.1,75.4
17.1,10,71.1,47.1,64.0
12.6,8,82.3,35.3,57.2
13.3,9,94.9,59.7,77.8
16.1,14,90.0,26.9,55.9
18.7,8,73.2,46.1,54.2
13.0,11,90.5,44.2,63.6
21.4,8,65.8,51.7,62.1
8.1,7,83.0,50.6,54.3
15.0,14,95.2,62.0,80.2
30.6,18,85.2,53.0,81.2
16.3,11,80.5,55.3,69.7
23.6,12,93.0,58.4,79.6
15.5,10,93.8,36.5,63.4
18.5,11,96.8,71.3,95.4
14.7,8,92.9,38.3,66.5
14.0,9,94.7,54.9,72.4
10.3,8,91.6,51.9,68.9
17.6,9,87.4,54.5,72.6
9.9,5,85.8,42.6,56.0
19.0,8,82.9,59.5,70.6
21.5,14,74.1,37.9,65.6
17.2,12,76.4,49.2,64.4
13.3,10,82.5,43.4,58.1
17.7,13,87.2,45.9,69.8
13.1,9,98.0,55.1,76.4
20.6,13,84.6,63.0,72.3
4.0,6,94.0,41.9,60.1
13.0,9,94.7,57.6,79.2
3.1,3,82.9,42.9,55.3
6.0,11,90.4,37.5,68.7
23.2,12,82.8,52.2,78.7
20.4,11,96.9,52.7,84.4
10.7,9,90.7,42.2,75.0
6.0,6,74.3,46.5,57.7
0.0,0,86.5,43.4,52.9
11.7,11,99.8,36.4,70.2
29.5,16,83.4,43.6,71.9
17.6,8,89.0,56.1,74.3
11.6,11,89.9,41.5,62.0
17.8,13,75.7,52.7,70.2
5.6,2,89.6,52.2,60.1
13.2,13,72.5,35.2,51.9
15.6,12,79.4,36.6,61.0
14.5,9,94.7,66.5,81.1
19.7,16,88.2,56.6,71.7
17.1,11,82.3,47.0,61.0
19.0,11,89.0,44.7,65.0
10.9,6,84.5,42.8,56.1
20.4,14,85.1,42.5,70.5
24.8,15,90.9,64.9,88.2
9.2,7,78.5,38.3,58.2
9.7,5,85.4,56.7,70.0
23.0,14,82.2,50.7,77.8
13.9,9,70.7,37.4,55.6
23.4,10,76.7,49.7,69.2
12.3,5,99.1,27.3,62.0
23.7,15,88.5,54.8,83.4
15.8,4,73.1,46.8,59.4
16.5,11,71.1,55.9,71.7
24.4,13,84.0,38.5,58.0
12.8,12,99.1,61.7,80.7
9.4,6,83.3,53.7,63.5
12.3,10,96.8,61.8,84.0
17.7,10,88.2,51.7,78.4
5.6,6,89.2,54.3,60.2
18.8,13,73.0,36.9,64.2
11.8,7,93.4,56.0,67.8
21.9,15,82.0,46.6,66.5
0.6,1,92.8,27.9,46.1
10.3,8,77.7,35.7,51.9
4.9,8,86.6,44.3,53.5
10.0,9,88.2,40.2,63.7
16.5,15,83.6,54.0,76.3
13.9,7,88.6,33.7,62.5
13.5,6,82.6,29.5,50.5
14.0,7,79.2,60.7,69.6
16.2,12,99.4,61.5,83.4
8.9,8,94.4,38.6,68.8
19.2,12,78.2,51.3,57.7
19.0,9,90.1,62.5,75.5
17.3,13,78.3,54.0,70.4
18.3,8,74.3,51.4,60.3
16.8,13,94.3,62.6,81.6
27.2,20,69.7,48.0,71.0
14.5,10,93.3,51.5,70.2
13.2,10,82.7,48.3,65.7
10.5,6,83.1,44.5,62.3
8.8,2,88.7,43.4,57.8
7.5,5,90.2,47.1,60.8
9.7,5,77.6,45.8,56.3
14.6,6,91.5,41.5,63.9
17.0,15,86.0,58.6,70.7
15.3,11,73.7,39.4,59.4
10.4,9,83.5,45.0,60.1
20.4,11,97.4,52.8,84.0
19.4,11,100.0,58.6,85.4
14.0,12,91.5,31.5,65.9
11.1,8,74.3,53.7,58.5
18.3,13,89.4,46.7,70.2
16.1,10,92.7,63.0,75.1
6.3,5,91.5,41.7,56.7
14.6,6,92.1,50.6,74.5
16.6,6,88.3,68.8,85.3
9.6,7,84.3,44.1,55.7
16.1,10,79.5,60.8,70.8
6.3,3,67.9,42.0,47.2
23.0,13,88.1,59.1,83.0
22.5,13,86.7,55.4,70.5
13.5,4,90.0,57.6,64.6
17.2,8,73.0,43.0,60.5
0.5,4,90.8,33.5,43.3
8.1,8,100.0,42.8,64.9
13.2,6,85.7,50.0,66.2
8.6,7,84.4,44.1,61.5
19.3,14,87.8,59.5,78.9
27.0,17,100.0,71.6,96.2
7.9,6,75.8,35.3,53.2
10.0,6,86.8,40.7,60.2
16.4,9,77.8,36.6,54.7
24.7,15,80.1,73.2,87.2
7.7,7,84.6,48.3,63.4
16.5,12,97.1,57.4,87.0
25.9,15,100.0,47.2,84.9
5.1,7,89.0,44.8,65.6
7.3,7,81.6,49.4,58.5
12.5,11,100.0,48.9,71.9
11.9,11,81.2,57.1,68.8
19.9,10,79.9,72.8,81.0
16.4,6,69.0,39.5,49.1
4.4,9,97.6,36.7,65.8
18.1,12,93.7,45.5,75.9
11.5,4,100.0,65.1,77.9
22.6,11,72.5,61.7,76.1
11.2,10,98.1,48.9,72.9
11.2,7,85.6,48.2,66.9
18.2,10,92.3,45.9,65.5
19.6,15,70.2,58.1,70.6
17.7,8,98.2,50.6,74.8
4.9,3,92.1,42.9,61.1
18.2,12,84.6,57.4,72.6
8.8,8,90.8,45.6,54.4
16.4,12,78.1,47.5,61.1
6.5,8,79.8,44.0,56.9
17.7,11,80.8,58.0,73.2
10.2,9,68.3,58.9,69.6
7.3,6,92.8,52.0,69.5
19.3,12,95.7,61.7,83.7
16.4,11,78.7,47.9,65.3
11.3,9,88.1,42.0,67.2
23.7,16,82.6,60.7,78.7
12.4,10,88.0,50.5,68.2
15.2,10,79.4,36.3,53.4
16.6,8,77.0,46.6,67.9
11.3,8,94.5,48.7,70.7
17.8,11,84.4,47.0,65.4
11.8,9,100.0,64.1,81.0
12.5,14,85.4,52.9,73.4
23.2,12,76.7,65.8,77.7
8.8,8,96.0,50.6,67.6
0.5,6,90.7,43.1,55.1
24.7,14,91.5,48.5,78.8
30.3,20,95.7,61.2,91.5
12.6,8,79.1,47.6,60.1
3.4,5,83.9,30.5,42.6
13.1,7,83.5,43.7,61.7
13.3,8,73.4,44.0,56.7
13.9,10,82.6,52.6,66.9
8.3,9,97.0,52.3,72.3
18.5,12,87.1,47.2,73.5
18.1,14,72.9,53.9,71.6
6.0,5,71.0,40.5,51.3
19.2,11,100.0,29.4,64.9
27.3,20,84.2,52.9,79.0
16.0,11,79.2,59.3,67.9
13.0,7,82.5,33.2,52.3
14.1,8,71.7,48.1,59.6
18.7,9,97.8,68.8,83.4
4.6,7,81.5,36.3,52.4
16.0,9,97.3,52.8,71.8
12.7,9,85.5,36.9,52.6
26.1,15,97.9,73.6,99.6
14.0,11,87.3,49.0,67.0
25.0,12,92.7,57.8,79.1
8.4,4,91.5,59.4,65.9
18.5,12,90.6,59.1,80.8
16.9,12,88.1,43.8,73.7
9.8,8,82.9,40.7,56.6
16.1,8,100.0,57.8,78.4
22.3,15,76.8,47.3,73.6
13.1,7,85.0,29.8,46.7
4.8,4,85.1,43.5,64.2
14.9,7,88.6,37.3,70.6
9.6,11,81.1,60.6,59.9
12.9,10,87.8,50.9,68.8
14.5,11,83.5,41.3,60.0
4.8,8,70.8,35.0,45.8
5.3,12,85.1,27.2,49.8
17.9,7,75.1,40.1,60.8
11.9,6,69.4,54.5,59.4
0.0,1,86.2,61.3,59.6
19.7,10,89.4,60.2,77.9
16.6,8,89.7,51.0,72.8
10.7,7,90.1,44.5,59.0
7.1,3,67.6,33.5,36.2
20.0,13,72.8,69.3,86.0
17.1,11,100.0,52.3,75.7
29.3,17,75.6,75.9,89.4
17.5,12,90.5,65.0,80.4
17.3,12,78.8,34.6,60.9
14.0,8,85.7,43.5,70.4
19.9,17,79.3,45.9,71.9
18.8,12,90.1,52.4,69.0
22.5,8,86.2,54.2,68.3
11.9,6,81.0,74.4,75.3
12.4,4,75.5,37.0,50.6
12.1,8,87.4,50.8,60.5
19.7,12,74.1,56.4,73.7
24.0,13,88.8,56.1,75.4
12.2,14,100.0,52.0,83.5
12.5,10,97.2,41.3,75.0
16.9,12,91.5,53.3,74.3
13.5,7,84.2,53.6,69.4
20.7,10,67.6,53.2,59.9
1.5,4,73.1,44.9,52.4
10.0,8,96.5,61.8,75.1
10.3,3,77.9,54.3,57.0
1.1,3,78.7,41.2,48.4
9.2,7,83.5,35.7,52.9
9.5,7,75.4,39.6,52.1
13.8,7,74.0,45.3,62.0
21.7,11,84.5,56.2,72.4
13.5,9,77.0,43.4,66.4
8.8,7,78.3,36.7,47.5
14.7,11,78.0,37.8,64.8
21.3,15,89.7,39.8,66.3
9.1,6,82.9,44.0,58.8
9.5,6,83.4,33.2,50.9
18.4,12,90.4,44.0,68.7
13.7,11,83.7,45.4,68.2
18.9,10,82.5,39.9,69.1
14.9,12,89.2,54.1,78.6
19.2,14,91.0,60.3,79.8
8.8,10,83.7,41.1,60.3
14.9,14,85.7,46.2,65.5
13.7,7,78.0,52.8,60.4
7.7,7,77.3,37.8,47.8
5.6,6,91.9,38.6,56.4
19.1,11,89.0,64.0,81.9
12.9,7,89.1,57.4,64.2
8.9,3,87.5,52.2,63.7
14.4,10,85.4,58.1,79.0
21.8,11,91.3,37.4,72.2
1.3,4,93.4,55.5,63.1
6.0,4,93.2,49.6,58.6
9.5,5,84.1,55.6,67.5
23.8,14,97.5,61.0,77.8
16.7,11,87.1,51.8,76.2
19.6,13,90.7,51.3,74.8
8.2,12,87.5,49.7,74.5
8.3,7,87.2,43.6,53.8
17.7,12,78.4,58.2,76.2
15.3,7,91.3,37.1,61.8
18.3,8,100.0,49.8,74.3
13.9,13,81.6,67.1,72.4
16.7,8,85.6,45.5,68.0
15.9,8,81.0,47.7,67.1
19.7,12,80.6,44.1,73.3
19.8,12,98.9,58.4,87.2
5.3,3,78.9,36.5,46.6
1.5,3,80.7,39.5,45.7
21.0,16,70.7,58.7,67.6
22.1,11,78.2,46.8,73.1
8.9,4,69.6,50.7,52.1
3.8,7,90.7,51.7,70.9
15.6,11,100.0,62.6,85.6
20.6,11,81.7,54.0,73.7
25.8,11,70.0,82.9,85.1
18.1,9,93.1,62.8,83.2
12.8,9,78.5,50.4,63.8
9.6,10,96.7,41.0,64.5
15.1,7,82.5,48.7,67.5
13.2,9,79.3,60.7,69.9
8.9,9,83.4,61.4,67.6
27.3,9,91.8,71.9,92.1
25.7,17,83.0,63.1,83.9
21.8,10,80.5,42.0,66.8
9.5,8,83.2,50.7,62.3
20.1,13,73.6,39.8,56.4
18.8,14,88.6,39.6,75.0
17.7,12,68.9,50.9,69.9
22.5,7,81.0,58.5,76.9
18.8,10,91.8,61.6,78.6
19.4,12,87.7,57.6,76.1
18.8,11,90.3,58.0,83.4
17.0,12,84.4,42.3,64.2
4.3,7,95.5,44.5,60.7
15.5,11,93.3,38.2,73.6
11.7,8,89.0,30.7,56.0
7.3,2,93.3,53.6,73.2
25.1,13,91.8,50.5,72.7
25.4,15,81.0,63.4,84.2
23.2,11,72.9,62.7,82.9
16.5,12,88.8,46.0,69.8
23.1,16,89.9,61.1,83.3
15.1,10,94.8,45.9,65.9
16.2,3,76.6,32.6,55.2
8.4,4,76.8,45.7,52.4
17.4,16,89.1,47.9,73.2
15.4,9,84.4,46.1,60.4
7.2,1,68.0,60.0,63.6
14.7,13,88.4,36.7,68.3
14.5,10,68.3,50.2,60.3
25.8,17,76.5,46.0,66.6
20.4,13,97.2,63.6,92.4
15.1,11,100.0,55.4,77.6
16.5,11,74.1,52.3,61.5
15.3,12,82.0,41.1,56.0
13.8,15,85.4,42.4,63.8
8.5,9,100.0,57.1,70.0
14.1,5,80.6,64.6,69.0
10.5,9,80.7,50.9,67.1
7.5,9,98.9,39.9,63.3
18.1,14,81.6,54.3,74.4
17.3,10,91.5,74.4,83.9
4.3,8,71.7,42.1,51.5
14.3,12,83.5,62.4,83.3
21.0,19,70.1,44.2,64.6
21.4,11,75.5,51.7,70.1
21.2,11,92.6,60.6,75.3
15.2,9,84.6,53.6,75.9
9.9,6,82.1,39.5,54.3
8.5,5,78.3,37.6,56.2
17.1,4,83.0,59.8,70.2
17.3,10,87.7,62.6,80.5
22.7,14,93.8,69.8,92.7
21.6,11,61.4,65.9,68.5
14.2,14,77.5,49.4,70.7
7.5,6,86.4,43.0,56.0
13.1,12,84.1,60.8,77.6
16.3,11,88.6,57.9,74.3
13.8,11,87.4,40.9,65.5
11.5,9,82.3,38.1,56.0
16.5,14,80.3,54.5,71.9
12.0,9,82.8,46.2,58.8
11.2,9,95.3,49.4,71.4
16.9,12,78.4,59.6,73.1
12.6,8,84.4,55.3,66.7
16.5,11,86.7,63.1,77.8
16.6,16,99.0,36.1,71.5
8.2,6,82.3,47.7,57.7
12.1,9,93.6,56.1,73.4
23.6,17,96.1,43.4,73.8
8.0,9,84.4,39.8,67.6
2.3,4,83.1,34.5,53.1
3.8,0,82.0,43.0,52.9
15.2,11,82.7,64.3,81.0
15.2,4,92.7,69.7,72.2
14.3,13,87.1,42.6,56.1
22.3,13,87.1,59.5,78.5
0.0,5,74.9,44.2,44.7
17.4,9,76.3,53.3,65.8
24.4,10,100.0,61.9,87.6
8.2,7,83.4,48.4,65.4
12.7,9,78.0,62.6,66.2
10.5,6,97.9,59.5,77.1
9.6,8,87.5,37.7,58.7
13.0,16,90.2,56.9,78.7
23.6,16,83.8,62.9,80.8
26.0,17,82.1,58.9,87.0
13.0,11,83.5,58.7,71.9
26.4,19,72.6,56.3,83.9
15.2,9,84.2,51.8,65.4
25.5,9,87.7,57.9,81.6
14.4,9,100.0,34.2,65.0
15.8,12,85.8,49.9,68.8
17.2,8,64.0,41.5,56.0
34.1,18,84.2,50.6,80.8
20.1,10,100.0,68.7,78.1
10.8,12,92.8,53.4,60.8
20.8,14,77.7,51.9,76.2
12.8,10,90.3,44.6,71.5
12.1,10,78.3,49.7,71.2
20.5,12,72.8,60.0,72.2
15.2,10,81.9,42.1,57.2
16.7,8,85.8,51.1,67.4
15.1,4,68.2,54.8,60.0
17.0,11,74.7,31.9,50.4
17.5,12,85.1,51.0,77.9
3.4,8,81.3,38.5,62.1
19.0,15,88.6,51.8,77.7
9.1,11,74.1,40.0,55.1
6.3,3,91.4,47.2,56.4
14.6,9,74.3,65.2,77.7
15.5,11,99.8,50.0,76.4
10.8,14,69.6,47.3,58.7
20.0,16,75.2,69.2,82.7
6.9,9,88.8,40.9,58.0
12.6,8,100.0,67.6,83.9
11.5,6,87.8,48.5,59.0
14.7,12,90.1,66.8,85.9
16.7,8,85.2,57.8,72.2
9.0,6,75.8,47.5,62.0
19.3,11,80.6,51.2,68.8
15.4,14,74.1,42.6,60.9
3.6,4,73.5,41.8,44.5
3.2,0,88.6,51.7,62.7
14.9,11,74.9,48.0,59.5
13.7,7,87.9,46.9,63.6
14.4,10,73.3,45.3,59.8
14.8,9,87.7,59.3,74.9
16.4,10,80.6,61.0,66.6
20.7,14,97.7,49.7,78.1
8.3,3,87.9,40.5,60.1
8.0,5,96.1,51.2,66.5
8.4,9,78.2,58.6,65.6
16.7,9,85.5,61.4,76.2
22.5,9,76.2,41.6,61.8
12.4,10,81.3,45.4,58.5
0.0,6,82.6,32.2,47.2
4.8,5,78.5,40.3,55.8
10.0,3,74.1,59.5,58.2
11.7,10,72.3,32.9,49.3
12.5,4,63.9,30.2,36.8
15.2,11,75.5,41.0,63.1
13.1,7,90.6,52.5,69.4
21.3,10,70.6,56.8,65.2
10.9,7,72.7,49.3,58.9
9.8,7,100.0,60.2,72.3
17.9,9,79.3,34.8,53.5
5.8,7,87.9,55.7,61.0
17.3,10,90.8,49.6,67.7
15.6,12,91.0,58.0,82.7
14.1,10,71.3,35.1,49.9
24.5,12,82.9,55.4,78.1
11.3,6,70.4,47.3,52.5
27.4,11,100.0,70.5,96.9
13.6,10,70.6,32.3,46.6
7.3,5,75.6,44.0,54.0
15.4,4,75.6,38.8,54.4
8.5,6,71.5,48.3,65.0
10.5,5,97.2,56.5,75.3
17.4,15,100.0,65.7,86.1
18.3,7,80.7,46.4,66.9
11.3,4,73.1,54.0,68.5
20.9,15,64.9,62.2,65.2
21.9,16,82.8,39.0,64.2
23.6,12,82.2,60.2,77.3
18.2,10,79.1,59.5,71.0
23.2,15,87.0,52.9,76.4
3.7,0,88.6,33.0,43.7
13.1,4,87.9,57.9,75.6
9.8,7,82.2,35.6,48.7
15.7,14,75.1,47.0,63.8
11.6,7,91.0,48.7,71.2
14.0,10,85.1,55.9,71.2
26.3,18,93.0,52.6,79.6
14.0,15,92.1,44.5,65.4
17.5,9,72.2,50.1,62.1
13.6,9,72.1,55.9,61.5
15.5,15,78.2,69.6,80.5
15.0,6,75.5,34.7,47.1
17.7,14,91.8,55.7,81.6
22.0,10,88.2,45.0,70.7
24.9,14,94.9,66.9,90.6
16.9,10,88.6,43.3,72.7
18.5,9,86.9,46.4,66.5
8.1,4,95.8,42.5,59.4
14.5,10,89.2,49.8,67.7
20.6,15,85.6,56.4,77.1
20.2,12,98.3,59.9,83.6
16.3,10,86.0,50.9,66.6
20.3,14,82.3,40.7,58.4
17.9,9,77.5,57.0,67.5
22.2,15,91.3,55.0,81.9
16.7,13,96.1,63.5,84.5
12.9,15,84.5,42.3,70.2
17.0,10,96.8,38.9,76.1
0.0,2,67.3,37.5,44.0
17.3,13,84.5,63.0,84.0
0.0,5,84.6,42.4,56.7
4.7,4,78.5,40.8,58.4
17.7,10,100.0,46.5,82.0
17.9,12,84.4,67.4,84.6
8.0,5,81.3,35.9,55.0
10.7,7,85.2,40.9,58.6
23.2,14,67.0,56.8,70.0
12.1,11,78.2,30.3,51.5
28.5,14,93.8,71.1,96.0
15.0,5,79.3,54.6,62.6
17.4,6,77.5,58.2,67.8
24.7,11,96.8,63.0,77.2
15.8,7,97.1,51.2,80.2
9.0,7,89.7,37.7,57.8
14.3,6,80.9,47.6,64.3
14.8,8,82.8,40.7,66.5
6.8,4,77.8,48.2,57.7
13.5,8,76.0,54.7,70.8
10.5,11,75.6,58.9,62.6
20.5,14,79.4,55.7,83.6
15.2,10,75.7,56.8,72.4
13.3,8,70.9,43.8,57.0
14.4,8,87.0,45.7,71.0
16.3,11,87.1,55.4,69.0
18.7,13,100.0,51.4,78.5
9.0,5,79.0,47.7,64.3
8.8,7,87.7,37.2,49.9
21.6,8,87.8,46.5,71.9
12.5,9,82.7,53.8,69.9
6.5,8,91.7,54.1,76.5
17.7,10,92.0,44.0,63.0
17.8,16,87.9,58.2,85.7
5.8,3,82.7,39.3,50.4
16.4,11,81.8,50.4,66.5
19.4,12,72.7,63.2,68.7
17.2,11,77.7,57.3,66.5
18.8,11,79.4,58.4,74.6
6.6,6,74.9,60.3,58.9
17.0,13,89.0,45.6,73.2
13.2,12,95.8,42.0,66.3
12.1,8,76.8,40.3,51.5
20.2,14,87.6,51.3,73.0
23.9,12,75.7,32.5,60.5
25.8,17,82.3,54.1,77.5
22.9,11,78.8,48.7,69.2
14.3,12,90.4,57.6,78.9
17.1,16,78.9,53.3,76.2
19.6,12,94.1,49.0,74.1
15.7,5,82.8,55.3,63.8
15.8,9,79.2,55.9,69.2
19.9,15,73.7,44.0,66.7
14.6,11,87.3,45.8,61.5
10.6,8,93.1,28.8,52.9
12.5,11,87.5,39.1,59.6
18.8,13,100.0,48.3,77.0
15.0,13,97.9,53.0,74.8
17.0,13,82.2,42.2,68.0
19.0,15,82.1,47.3,63.8
12.8,10,89.2,38.4,56.1
19.5,14,77.5,52.9,69.6
17.3,10,95.5,57.1,77.8
7.6,5,88.3,49.8,57.5
23.7,18,87.3,55.7,79.0
12.0,9,91.2,35.4,59.1
5.1,7,100.0,41.2,62.1
8.7,7,86.5,42.8,60.8
8.9,6,84.0,42.5,55.6
15.3,10,98.6,53.3,82.7
13.4,13,93.7,63.4,83.1
13.0,10,82.1,55.6,66.0
18.7,7,85.0,43.4,64.9
17.0,10,86.8,57.6,75.1
16.9,15,88.3,57.5,82.8
17.5,10,72.8,42.0,56.7
18.7,7,71.1,57.4,69.3
2.4,9,77.0,39.5,52.0
12.8,10,76.3,34.4,60.1
1.9,4,79.2,45.2,58.3
15.2,9,90.7,53.1,73.1
15.0,12,83.5,47.7,66.3
21.3,11,86.8,53.7,77.0
22.1,16,74.0,45.8,66.9
16.2,12,80.8,55.5,78.0
12.0,9,90.3,48.8,68.4
17.9,11,90.4,54.2,73.6
11.8,8,78.5,50.1,60.9
15.0,12,86.5,39.9,59.4
20.9,10,100.0,48.2,79.4
11.7,4,84.8,28.1,47.1
19.8,13,78.8,56.9,77.8
19.1,13,83.4,41.2,61.0
9.3,8,85.8,47.9,64.1
20.8,13,83.6,56.6,80.7
19.2,11,84.7,57.9,66.8
15.6,12,72.0,37.2,64.3
10.4,8,76.3,45.1,56.4
9.8,6,83.7,61.7,70.4
11.8,8,83.5,63.2,75.0
18.3,16,79.9,59.9,79.6
9.3,3,83.4,49.3,61.6
17.6,12,85.5,42.6,70.7
7.5,2,93.0,53.4,68.0
13.8,9,84.1,47.7,72.4
15.7,9,88.6,56.1,75.4
29.7,11,80.1,52.2,82.8
6.7,7,90.1,44.4,65.4
23.8,13,88.4,57.4,72.9
15.9,5,92.8,54.2,82.4
17.5,13,91.4,57.1,76.1
15.7,14,90.3,46.2,77.2
17.7,15,84.1,39.4,65.9
14.1,10,87.2,64.5,81.6
23.7,14,94.6,79.4,93.7
12.3,12,79.1,51.3,68.7
21.8,17,79.3,41.1,66.7
11.1,11,86.6,41.0,68.9
14.6,7,88.7,55.0,72.9
8.6,7,77.6,56.9,67.8
17.7,12,84.3,40.6,56.3
23.7,9,84.2,53.9,73.5
14.5,11,65.1,47.9,59.8
13.8,15,83.0,56.7,74.5
8.3,8,83.6,42.6,62.9
13.6,13,83.6,34.8,58.4
5.4,6,97.7,52.2,68.9
9.5,7,74.1,54.9,66.5
16.4,11,77.6,48.7,56.2
22.9,11,61.5,54.2,66.5
31.9,15,80.7,55.1,78.9
11.5,11,81.4,39.6,55.8
23.6,17,80.4,63.6,83.6
16.5,8,95.0,56.2,81.1
14.1,12,92.7,55.3,79.9
17.6,11,85.7,65.2,78.8
15.4,11,81.7,40.1,65.3
15.7,11,94.2,47.1,75.3
12.6,11,84.8,49.9,67.2
6.6,6,77.6,38.6,49.1
5.7,9,69.6,48.7,52.8
18.9,12,81.0,50.0,72.8
13.3,11,91.8,41.3,66.0
11.4,6,100.0,51.1,67.8
15.1,15,85.6,51.7,65.7
19.8,13,78.1,60.0,78.3
16.1,12,74.3,52.3,64.1
11.1,4,90.0,52.7,68.2
22.4,11,69.1,54.4,72.6
24.5,17,90.0,54.9,76.8
18.0,12,92.4,46.7,72.2
20.8,8,88.9,56.8,75.1
22.5,16,83.0,51.1,76.6
21.8,11,90.1,70.2,91.3
18.7,15,86.5,64.6,76.9
18.6,11,78.0,56.6,73.5
18.1,12,100.0,58.0,86.8
8.4,10,81.8,44.7,59.8
19.2,9,92.0,42.4,68.1
6.9,4,63.2,39.3,46.2
10.2,7,96.5,50.1,71.2
22.8,15,98.2,59.1,88.8
20.0,9,85.3,57.3,76.8
23.9,10,90.0,64.6,79.5
13.4,11,90.0,43.7,70.7
8.1,5,79.2,38.7,57.5
13.6,8,89.9,63.1,77.2
15.6,5,77.7,56.0,59.9
15.5,8,79.5,45.8,61.9
21.8,13,95.1,54.9,81.7
12.8,11,93.8,49.4,67.0
17.1,9,78.6,50.4,64.6
9.1,11,78.4,49.5,57.0
17.7,9,79.2,73.4,82.5
15.0,8,91.6,52.9,72.6
10.5,12,76.0,51.6,57.5
13.6,10,88.2,34.6,61.5
13.9,8,91.7,46.2,67.3
13.4,9,84.2,59.9,74.5
25.6,18,94.1,61.6,87.5
14.4,13,82.3,9.7,41.7
13.5,7,83.1,54.8,64.8
2.4,4,76.2,58.1,57.4
9.6,8,94.2,30.5,57.5
13.4,7,78.1,61.5,70.0
10.9,8,88.1,23.1,50.2
23.3,13,84.4,63.3,79.8
14.0,12,75.5,47.6,61.8
22.7,16,79.5,32.5,72.7
15.4,9,97.4,56.5,74.5
15.2,9,86.8,60.8,72.8
14.5,11,75.9,51.3,78.4
15.0,8,87.7,55.8,73.5
25.3,16,83.7,52.2,71.9
1.1,3,100.0,27.6,54.9
3.0,2,87.6,49.5,55.3
11.7,6,81.6,63.2,74.2
15.1,13,97.8,62.5,82.5
19.1,11,68.4,31.6,50.6
17.8,15,85.8,38.2,72.5
12.7,7,100.0,43.7,71.1
21.1,13,84.0,39.1,70.0
21.2,19,69.4,51.3,71.6
16.1,8,81.4,53.6,66.4
20.8,8,98.1,42.9,74.4
16.6,14,88.4,58.6,82.8
11.6,6,77.5,52.0,62.6
19.2,12,78.8,46.5,73.7
15.7,9,80.0,47.9,67.9
15.0,10,88.3,33.0,60.8
23.8,11,97.0,54.5,82.4
0.3,3,94.5,42.9,58.1
6.5,7,89.1,47.2,57.8
7.9,4,73.0,47.0,53.8
12.8,7,73.0,48.7,60.1
13.5,8,89.8,47.6,65.6
6.0,2,72.9,45.0,52.2
9.1,6,83.0,55.1,65.3
9.8,8,87.7,46.5,67.1
29.7,15,74.8,59.9,81.9
25.8,14,75.8,53.2,74.0
12.5,9,84.2,42.5,56.4
12.8,7,89.5,54.2,77.3
8.1,8,94.6,42.6,63.4
3.6,8,90.5,47.6,62.5
14.3,8,85.7,50.0,65.8
9.0,8,78.3,42.5,54.8
14.5,9,75.4,45.0,66.3
5.4,6,80.4,38.8,58.3
10.4,12,88.7,33.1,60.9
15.9,11,88.0,54.5,73.0
17.2,6,66.1,50.0,60.8
17.5,12,77.9,57.9,72.3
7.1,9,95.8,42.4,63.8
20.1,12,85.7,70.3,85.5
10.2,10,72.2,41.4,53.3
18.8,10,100.0,47.1,76.5
14.9,6,84.7,41.0,61.4
6.7,6,88.5,30.1,54.5
13.1,5,88.6,63.3,71.6
17.2,10,81.7,63.1,78.3
18.7,15,78.5,56.4,70.0
14.2,5,100.0,44.1,66.4
24.2,11,94.0,73.4,89.1
21.0,10,92.4,51.8,71.4
13.5,9,90.2,47.6,72.1
19.5,11,76.0,64.0,71.2
26.6,18,96.5,65.0,89.8
26.8,17,77.4,75.5,94.3
7.6,8,87.5,48.3,61.6
9.4,8,70.2,40.4,51.3
23.9,15,66.6,46.5,60.8
8.7,5,87.9,30.1,55.5
7.1,8,77.7,41.4,58.4
12.1,6,67.1,55.3,62.4
17.5,13,89.9,57.8,80.2
14.4,12,100.0,52.5,77.9
11.1,9,97.5,41.0,64.3
11.0,7,82.7,49.2,59.9
10.7,9,85.1,56.6,74.7
9.7,0,93.0,52.1,68.2
28.7,17,95.1,61.5,87.6
16.8,10,81.9,43.3,64.0
20.3,12,85.3,61.1,77.4
12.1,10,87.7,20.5,46.5
13.9,9,90.0,53.7,72.4
10.7,5,83.8,70.3,73.1
0.0,3,83.9,27.2,39.5
6.7,6,97.4,45.1,59.1
4.1,5,95.9,45.4,56.4
1.5,4,89.3,38.5,52.2
7.8,9,100.0,57.7,75.5
22.9,11,81.5,58.4,72.5
14.7,10,99.6,53.8,79.9
22.7,16,89.9,62.7,84.9
17.5,7,100.0,54.3,79.7
19.7,12,74.3,79.5,83.2
9.6,6,78.8,47.0,55.7
18.1,10,88.8,54.3,74.6
19.4,9,88.6,37.9,59.4
11.5,8,100.0,45.7,72.2
18.4,16,79.0,61.3,73.4
18.4,8,93.1,41.5,71.3
11.7,5,95.5,30.5,56.0
8.3,3,91.3,47.4,66.8
7.9,11,76.4,56.5,60.8
15.5,9,97.7,53.0,73.0
17.0,11,96.1,50.1,76.6
10.2,7,90.4,31.4,60.7
15.2,7,86.8,54.5,76.9
18.4,11,87.0,58.4,76.6
18.7,18,84.3,36.1,73.5
24.3,17,90.8,66.8,88.2
22.7,11,85.3,61.5,83.8
9.0,9,77.4,55.2,60.6
25.1,12,75.6,59.6,77.2
11.8,4,78.2,52.8,52.5
21.3,15,87.0,58.8,75.8
15.4,13,84.8,58.0,76.7
12.5,11,86.9,32.5,53.1
4.2,4,89.5,30.8,52.3
14.0,9,79.4,41.7,63.4
5.6,7,98.2,45.6,63.7
20.8,13,82.6,56.5,71.6
24.1,13,81.1,57.7,75.2
10.2,4,89.3,58.0,65.4
16.8,11,68.5,58.4,66.6
10.6,10,77.9,38.3,56.5
11.2,5,93.8,51.5,67.4
19.6,13,69.4,42.3,67.2
14.8,10,95.1,50.0,70.0
25.4,16,98.6,61.6,95.5
12.1,11,81.7,17.0,42.5
21.0,11,87.6,75.8,88.4
15.6,6,95.1,57.3,80.0
19.8,11,80.8,46.7,71.9
12.3,11,92.8,67.1,79.6
14.7,8,79.0,45.6,63.9
14.3,8,80.7,50.0,66.5
10.0,3,77.8,41.3,51.3
19.0,16,88.1,67.8,88.0
18.9,14,95.4,53.3,86.7
18.6,13,83.3,53.2,74.7
24.2,16,73.6,64.3,81.5
23.7,15,75.3,58.7,78.6
12.8,8,88.6,48.8,61.2
17.2,10,100.0,64.0,86.5
11.3,7,88.5,71.2,74.8
15.1,16,81.5,52.3,69.2
11.4,10,91.9,50.1,78.5
24.7,13,82.8,57.0,76.8
17.2,12,81.6,62.5,73.3
13.7,7,76.4,42.3,62.1
22.2,17,97.7,54.1,80.3
2.0,2,62.1,24.2,30.0
2.9,6,92.2,33.4,58.9
19.8,15,80.8,47.5,70.2
15.4,11,81.3,49.0,60.5
16.5,11,100.0,69.5,90.2
7.0,6,78.6,48.9,57.0
14.9,10,78.9,40.6,66.1
27.0,14,83.8,50.4,73.7
19.9,11,88.7,66.0,86.6
16.0,14,81.0,60.0,82.2
12.4,8,70.8,46.1,53.6
12.6,7,77.2,43.2,57.1
2.2,3,96.5,54.5,67.8
16.5,13,85.7,42.1,63.1
20.1,14,89.1,57.3,80.3
5.5,7,82.6,64.4,68.5
11.0,7,79.1,48.4,60.0
8.1,8,100.0,41.6,66.1
9.2,6,83.3,49.9,62.7
15.3,9,81.0,45.2,63.9
2.5,7,94.9,31.7,52.1
18.7,14,78.5,57.4,71.4
19.5,9,79.6,61.8,73.9
13.5,7,85.1,46.3,63.6
0.1,3,85.0,37.7,48.2
9.0,11,87.3,38.2,61.5
22.4,8,100.0,55.8,73.9
0.0,4,88.0,36.5,48.3
12.9,5,63.6,35.8,45.1
7.9,5,87.9,63.3,67.8
19.8,11,85.3,57.2,82.1
10.9,7,85.4,52.8,66.6
17.4,10,87.2,59.8,77.0
18.4,11,84.7,58.9,73.7
26.0,13,84.5,52.8,76.7
13.8,6,90.5,52.7,64.8
17.3,13,80.1,48.1,67.0
6.1,8,76.5,47.1,53.5
22.1,15,100.0,60.1,86.4
10.4,4,78.6,42.7,45.2
11.6,9,85.9,36.2,54.0
14.9,11,71.5,48.8,67.7
5.6,3,86.0,42.7,59.4
16.4,10,76.6,32.3,60.0
20.8,12,81.0,57.3,80.2
16.8,15,94.4,61.4,85.8
5.5,10,89.2,67.8,74.3
14.3,5,90.1,47.0,61.6
19.5,18,69.1,45.0,69.2
3.7,2,100.0,36.0,57.4
8.6,9,74.3,46.1,67.3
20.3,15,98.8,57.5,83.0
16.6,8,94.2,45.3,77.4
17.5,12,90.2,50.8,72.9
26.2,15,77.3,37.5,71.0
17.8,12,86.4,60.3,84.2
18.9,12,80.8,44.7,62.2
31.3,20,85.3,59.5,85.6
13.7,9,82.8,36.0,53.8
10.2,7,66.7,38.6,44.2
17.6,14,95.1,50.8,79.7
17.6,12,84.3,51.3,70.4
11.8,10,80.6,51.6,65.9
8.8,5,80.0,58.3,67.3
28.9,13,88.2,65.5,79.8
17.0,9,77.0,58.4,75.0
10.6,6,64.7,56.7,57.0
20.5,14,88.7,59.1,82.4
14.3,12,89.7,50.1,73.9
13.5,9,83.2,57.8,76.3
18.4,15,74.7,59.8,73.3
7.2,10,85.8,51.3,57.3
17.1,11,71.8,35.8,55.7
26.5,13,75.8,47.6,70.7
17.8,15,78.2,48.0,64.0
12.7,9,92.6,57.0,74.9
12.0,9,81.7,47.4,61.8
12.5,8,81.0,58.0,63.5
13.5,7,100.0,63.6,83.5
12.7,5,88.2,60.0,69.5
20.5,14,88.1,64.7,81.6
4.6,3,81.7,33.8,46.5
20.2,20,79.6,56.5,82.7
12.7,6,65.3,39.6,49.5
17.3,8,93.7,38.1,65.7
8.2,8,89.0,44.1,60.6
23.0,17,83.4,66.4,86.8
22.5,13,83.8,58.4,83.4
20.8,14,91.6,72.8,92.4
5.9,1,71.0,43.6,51.3
20.0,10,79.7,74.1,84.7
17.4,8,74.8,51.2,58.8
5.4,1,100.0,47.1,60.4
14.9,10,92.9,39.8,65.2
17.2,5,65.2,57.7,58.9
18.3,8,71.4,45.0,55.3
16.1,9,83.8,44.6,57.1
16.7,8,80.7,61.8,67.6
23.8,15,73.1,63.6,76.8
22.4,14,100.0,67.3,91.0
0.0,5,87.8,38.2,49.6
13.1,11,89.3,49.2,69.8
14.0,12,78.8,47.7,63.0
4.5,5,91.5,51.9,69.0
15.6,11,81.6,63.7,74.9
22.5,14,82.4,57.3,80.1
8.5,7,90.5,64.9,75.6
17.0,10,70.3,56.6,60.7
9.5,6,99.4,47.2,68.1
11.0,6,86.6,55.3,63.1
23.9,15,96.5,72.7,93.7
11.7,8,75.3,64.3,66.5
17.8,9,76.7,60.9,73.1
3.8,3,74.5,41.6,43.8
26.2,12,87.3,55.2,79.0
18.6,14,85.6,57.5,79.3
13.9,9,80.8,63.7,76.9
18.5,9,75.9,54.3,64.6
6.5,8,73.6,47.0,56.1
22.1,12,84.6,54.6,76.1
13.1,5,80.8,45.1,65.9
13.8,12,78.8,46.7,58.1
12.1,7,98.9,52.0,69.2
11.5,7,84.3,63.2,83.6
19.2,12,96.4,52.4,77.1
16.5,13,80.2,50.5,61.3
18.9,12,87.2,45.0,67.1
14.9,7,84.5,56.3,59.0
18.1,12,69.7,61.4,71.4
12.5,7,97.9,65.4,83.7
28.4,20,83.8,59.6,81.9
5.6,6,91.7,50.7,63.2
22.6,8,78.2,51.9,72.5
23.2,14,83.5,59.4,72.4
9.9,12,77.2,48.4,57.1
28.4,20,96.1,60.6,90.9
21.0,17,87.8,55.3,76.6
20.8,10,88.3,58.2,76.3
15.2,12,97.2,49.7,70.0
13.7,7,95.4,48.9,71.1
13.7,10,91.9,65.9,79.6
17.3,8,72.2,73.5,78.3
23.4,12,78.7,43.1,67.3
16.1,9,76.0,37.7,57.7
9.5,10,91.5,39.3,56.7
19.9,14,86.5,52.3,77.0
20.5,13,72.5,59.1,70.9
18.9,8,83.3,57.4,71.9
19.5,11,71.6,51.8,70.0
13.4,7,84.5,53.7,64.9
9.4,9,70.1,37.7,56.4
9.8,10,89.8,45.5,71.2
5.2,8,88.4,44.5,63.9
16.4,9,100.0,39.3,65.3
14.5,3,92.6,40.6,53.4
12.4,4,81.2,37.6,59.0
0.0,7,92.4,49.2,62.8
7.5,5,72.4,45.5,50.4
21.7,11,76.3,58.0,77.4
11.0,12,88.0,31.6,54.7
17.2,14,65.6,34.4,51.8
6.7,6,84.7,50.9,64.5
23.6,13,75.8,28.5,52.9
14.1,9,85.9,60.7,73.6
16.7,11,75.3,32.9,59.6
29.0,20,88.8,66.7,93.1
24.1,15,85.2,47.5,79.1
13.2,11,97.6,60.6,84.6
11.4,11,85.1,76.7,82.9
13.0,6,78.1,27.1,39.2
18.1,13,82.8,57.7,70.5
14.4,9,72.9,31.2,53.9
12.6,2,88.7,53.1,60.0
23.8,8,90.3,54.4,75.2
14.3,7,100.0,53.5,76.7
28.8,17,79.4,49.1,81.7
15.5,10,82.6,56.9,69.2
25.7,15,79.8,42.5,66.9
17.1,16,86.9,62.8,80.9
20.8,9,88.4,50.4,73.8
10.7,8,84.5,34.7,55.3
9.9,8,94.8,63.0,81.1
17.8,9,79.4,50.0,63.3
20.9,12,93.9,72.3,90.0
15.2,6,89.8,62.0,77.2
7.3,10,84.9,38.2,56.1
6.8,4,82.2,43.8,59.4
6.4,11,100.0,48.7,71.6
4.4,5,77.6,56.0,63.7
15.7,13,87.7,54.8,75.2
21.8,13,78.2,54.4,74.2
14.9,10,100.0,50.9,73.3
1.4,2,93.0,42.8,54.3
13.9,10,78.9,60.0,75.6
14.0,10,89.6,50.3,72.7
27.6,13,87.3,54.4,75.6
6.3,6,80.4,38.8,53.9
12.7,7,91.8,44.8,56.2
25.2,20,88.5,44.2,74.8
17.7,11,86.9,45.2,72.2
18.4,15,84.6,65.4,81.1
15.7,10,88.9,49.3,70.5
17.0,11,87.1,57.9,63.4
19.7,9,85.5,30.6,57.3
10.1,6,79.2,51.2,63.1
20.3,13,100.0,54.4,84.0
6.8,10,75.5,39.0,57.4
17.0,11,88.8,53.5,72.8
16.1,14,82.1,45.7,66.6
11.3,10,100.0,31.4,57.3
14.9,14,76.9,56.8,69.9
11.3,8,78.4,48.8,56.5
8.6,13,76.3,41.7,50.7
12.9,8,87.9,40.6,57.7
8.4,5,72.6,30.6,51.2
16.9,8,80.7,52.4,66.4
8.1,12,65.6,56.9,62.0
19.3,14,87.2,54.8,74.4
7.9,6,80.5,32.5,43.2
